{
    "getLocations": [
      {
        "value": 1,
        "label": "Delhi"
      },
      {
        "value": 2,
        "label": "Indore"
      },
      {
        "value": 3,
        "label": "Lucknow"
      }
    ],
    "getFlights": [
        {
          "id": 1,
          "flightName": "Vistara",
          "flightNumber":"2FE 772",
          "from": "Delhi",
          "fromId": 1,
          "to": "Indore",
          "toId": 2,
          "time": "2021-08-20 07:00:00",
          "date": "2021-08-20"
        },
        {
          "id": 2,
          "flightName": "Vistara",
          "flightNumber":"2FE 773",
          "from": "Delhi",
          "fromId": 1,
          "to": "Lucknow",
          "toId": 3,
          "time": "2021-08-20 09:00:00",
          "date": "2021-08-20"
        },
        {
          "id": 3,
          "flightName": "Spice jet",
          "flightNumber":"2SJ 771",
          "from": "Delhi",
          "fromId": 1,
          "to": "Lucknow",
          "toId": 3,
          "time": "2021-08-20 11:20:00",
          "date": "2021-08-20"
        },
        {
          "id": 4,
          "flightName": "Spice jet",
          "flightNumber":"2SJ 772",
          "from": "Delhi",
          "fromId": 1,
          "to": "Indore",
          "toId": 2,
          "time": "2021-08-20 13:00:00",
          "date": "2021-08-20"
        },
        {
          "id": 5,
          "flightName": "Indigo",
          "flightNumber":"2IN 771",
          "from": "Delhi",
          "fromId": 1,
          "to": "Lucknow",
          "toId": 3,
          "time": "2021-08-20 14:00:00",
          "date": "2021-08-20"
        },
        {
          "id": 6,
          "flightName": "Indigo",
          "flightNumber":"2IN 774",
          "from": "Delhi",
          "fromId": 1,
          "to": "Lucknow",
          "toId": 3,
          "time": "2021-08-20 17:20:00",
          "date": "2021-08-20"
        },
        {
          "id": 7,
          "flightName": "Vistara",
          "flightNumber":"2VS 771",
          "from": "Delhi",
          "fromId": 1,
          "to": "Indore",
          "toId": 2,
          "time": "2021-08-21 07:00:00",
          "date": "2021-08-21"
        },
        {
          "id": 8,
          "flightName": "Vistara",
          "flightNumber":"2VS 773",
          "from": "Delhi",
          "fromId": 1,
          "to": "Lucknow",
          "toId": 3,
          "time": "2021-08-21 09:00:00",
          "date": "2021-08-21"
        },
        {
          "id": 9,
          "flightName": "Spice jet",
          "flightNumber":"2SJ 972",
          "from": "Delhi",
          "fromId": 1,
          "to": "Lucknow",
          "toId": 3,
          "time": "2021-08-21 11:20:00",
          "date": "2021-08-21"
        },
        {
          "id": 10,
          "flightName": "Spice jet",
          "flightNumber":"2SJ 993",
          "from": "Delhi",
          "fromId": 1,
          "to": "Indore",
          "toId": 2,
          "time": "2021-08-21 13:00:00",
          "date": "2021-08-21"
        },
        {
          "id": 11,
          "flightName": "Indigo",
          "flightNumber":"2IN 972",
          "from": "Delhi",
          "fromId": 1,
          "to": "Lucknow",
          "toId": 3,
          "time": "2021-08-21 14:00:00",
          "date": "2021-08-21"
        },
        {
          "id": 12,
          "flightName": "Indigo",
          "flightNumber":"2IN 994",
          "from": "Delhi",
          "fromId": 1,
          "to": "Lucknow",
          "toId": 3,
          "time": "2021-08-21 17:20:00",
          "date": "2021-08-21"
        },
        {
            "id": 13,
            "flightName": "Vistara",
            "flightNumber":"2FE 773",
            "from": "Delhi",
            "fromId": 1,
            "to": "Lucknow",
            "toId": 3,
            "time": "2021-08-20 09:00:00",
            "date": "2021-08-20"
          },
          {
            "id": 14,
            "flightName": "Vistara",
            "flightNumber":"2FE 773",
            "from": "Delhi",
            "fromId": 1,
            "to": "Lucknow",
            "toId": 3,
            "time": "2021-08-20 09:00:00",
            "date": "2021-08-20"
          }
      ]
  }